FY,Sales,Power and Fuel,Other Mfr. Exp,Employee Cost,Selling and admin,Other Expenses,Other Income,Depreciation,Interest,Profit before tax,Tax,Net profit,Dividend Amount,Total Expenses,Operating Profit,OPM %,Power and Fuel % of Sales,Other Mfr. Exp % of Sales,Employee Cost % of Sales,Selling and admin % of Sales,Other Expenses % of Sales,Sales YoY %,Net Margin %
FY17,68484,228,6712,37669,4584,687,3050,1703,,19951,5598,14353,5891.6,49880,18604,27.17,0.33,9.8,55.0,6.69,1.0,,20.96
FY18,70522,207,7286,38902,4585,720,3311,1863,,20270,4241,16029,9465.6,51700,18822,26.69,0.29,10.33,55.16,6.5,1.02,2.98,22.73
FY19,82675,221,9902,45323,5553,1506,2882,2011,,21041,5631,15404,9222.5,62505,20170,24.4,0.27,11.98,54.82,6.72,1.82,17.23,18.63
FY20,90791,229,11086,50895,5375,939,2803,2893,170.0,22007,5368,16594,7427,68524,22267,24.53,0.25,12.21,56.06,5.92,1.03,9.82,18.28
FY21,100472,143,12800,55547,3194,899,2201,3267,195.0,26628,7205,19351,11469.6,72583,27889,27.76,0.14,12.74,55.29,3.18,0.89,10.66,19.26
FY22,121641,132,20690,63997,4305,1026,2295,3476,200.0,30110,7964,22110,13007.6,90150,31491,25.89,0.11,17.01,52.61,3.54,0.84,21.07,18.18
FY23,146767,176,26330,78374,5300,1457,2701,4225,284.0,33322,9214,24095,14069.2,111637,35130,23.94,0.12,17.94,53.4,3.61,0.99,20.66,16.42
FY24,153670,199,27195,82636,5705,1510,4711,4678,470.0,35988,9740,26233,19053.2,117245,36425,23.7,0.13,17.7,53.77,3.71,0.98,4.7,17.07
FY25,162990,222,30395,85968,6039,1130,3600,4812,416.0,37608,10858,26713,17827.8,123754,39236,24.07,0.14,18.65,52.74,3.71,0.69,6.06,16.39
FY26,178650,223,32922,95112,6784,1329,3033,4902,416.0,39995,10521,29440,19430.4,136370,42280,23.67,0.12,18.43,53.24,3.8,0.74,9.61,16.48
