FY,Company,OPM %
FY17,Infosys,27.17
FY18,Infosys,26.69
FY19,Infosys,24.4
FY20,Infosys,24.53
FY21,Infosys,27.76
FY22,Infosys,25.89
FY23,Infosys,23.94
FY24,Infosys,23.7
FY25,Infosys,24.07
FY26,Infosys,23.67
FY17,TCS,27.47
FY18,TCS,26.48
FY19,TCS,27.0
FY20,TCS,26.84
FY21,TCS,28.36
FY22,TCS,27.68
FY23,TCS,26.3
FY24,TCS,26.71
FY25,TCS,26.42
FY26,TCS,27.13
FY17,Wipro,25.28
FY18,Wipro,22.54
FY19,Wipro,21.95
FY20,Wipro,22.05
FY21,Wipro,25.02
FY22,Wipro,21.84
FY23,Wipro,19.34
FY24,Wipro,19.12
FY25,Wipro,20.58
FY26,Wipro,19.87
